Domain,Competitor Domain,Keywords,Traffic Value ($),Monthly Clicks,Authority,Avg Rank,Search Month/Year
painreliefkc.com,asfca.com,2428,18090.00,1497,39,46.4,9/2025
painreliefkc.com,spinealignop.com,211,4768.00,59,33,45.7,9/2025
painreliefkc.com,truehealthkc.com,412,3693.00,250,32,44.3,9/2025
painreliefkc.com,whitmorechiropractic.com,227,3478.00,36,32,39.5,9/2025
painreliefkc.com,chiropractichousekc.com,147,2624.00,37,31,48.2,9/2025
painreliefkc.com,journeychirokc.com,113,2419.00,82,31,48.9,9/2025
painreliefkc.com,overlandparkchiropractic.com,148,2323.00,98,31,40.1,9/2025
painreliefkc.com,overlandparkchiropractor.net,146,2284.00,79,31,38.2,9/2025
painreliefkc.com,overlandparkchiro.com,95,2152.00,62,30,41.1,9/2025
painreliefkc.com,overlandchiro.com,101,1348.00,49,28,39.1,9/2025
